nation_name,industry_code,hscode,rnum,trgtpsnNo,trgtpsnCd,trgtpsnDtlCd,trgtpsnNm,rprsnt1Nm,biztyp1Cd,biztyp1CdNm,trgtpsn1EmpCnt,trgtpsnTelno,trgtpsn1Addr,fundDd,prod1Nm,hmpgAddr,insuUseYn,impYn,koreaCuYn,extrnlCstYn,packAbrdEntprYn,korNm,compscale,nation_name,industry_code,hscode,usdSaleAmt,trgtpsnFaxNo,evalDd,evalGrd,evalValidDd
미국,13225,630533,1,6002949783,450,135919,A. Rifkin Co.,Arnold Rifkin,13225,직물포대 제조업,100,1-5708259551,/1400 Sans Souci Pkwy/Hanover Township/Pennsylvania/Luzerne/United States/18706-6097,18920630,Mfg textile bags,www.arifkin.com,N,Y,N,N,N,미국,D,미국,13225,630533,,,,,
미국,13225,630533,2,6003156695,450,168164,"Block and Company, Inc.",Jason Smith,13225,직물포대 제조업,159,1-8475377200,/1111 Wheeling Rd/Wheeling/Illinois/Cook/United States/60090-5795,19340630,Mfg textile bags,www.blockandcompany.com,N,Y,Y,N,N,미국,D,미국,13225,630533,100000000.0,,,,
미국,13225,630533,6,6003053153,450,152824,"Isolator Fitness, Inc.",David L Vollmer Junior,13225,직물포대 제조업,1,1-6103707915,/1801 N 12TH St/Reading/Pennsylvania/Berks/United States/19604-1527,20100630,Mfg textile bags,www.isolatorfitness.com,N,Y,N,N,N,미국,D,미국,13225,630533,,,,,
미국,13225,630533,5,6003558315,450,232908,"Ivarson Usa, LLC",Ian Charles Ivarson,13225,직물포대 제조업,3,1-4152580721,/3053 Fillmore St Ste 341/San Francisco/California/San Francisco/United States/94123-4009,20020630,Mfg textile bags,www.ivarpack.com,N,Y,N,N,N,미국,D,미국,13225,630533,,,,,
미국,13225,630533,7,6003024513,450,148203,"Lbu, Inc.",Jeffrey Mayer,13225,직물포대 제조업,30,1-9737734800,/7 4TH Ave # 33/Paterson/New Jersey/Passaic/United States/07524-1202,19830630,Mfg textile bags,www.lbuinc.com,N,Y,N,N,N,미국,D,미국,13225,630533,,,,,
미국,13225,630533,8,6003050491,450,152424,Omg Handbags LLC,Ann Narter,13225,직물포대 제조업,7,1-8473379499,/2045 W Grand Ave Ste 202/Chicago/Illinois/Cook/United States/60612-1577,20090630,Mfg textile bags,www.omgaccessories.com,N,Y,N,N,N,미국,D,미국,13225,630533,,,,,
미국,13225,630533,4,6003624324,450,244464,Re-Pac Bags LLC,Sherrie Smith,13225,직물포대 제조업,6,1-7605805874,/412 Foussat Rd/Oceanside/California/San Diego/United States/92054-4709,20120630,Mfg textile bags,,N,Y,N,N,N,미국,D,미국,13225,630533,206040.0,,,,
미국,13225,630533,9,6003024091,450,148139,"Starr Aircraft Products, Inc.",Shelby Barnett,13225,직물포대 제조업,250,1-9038931106,/5236 N Hwy 1417/Sherman/Texas/Grayson/United States/75092,19840630,Mfg textile bags,www.starraircraft.com,N,Y,N,N,N,미국,D,미국,13225,630533,,,,,
미국,13225,630533,10,6003287041,450,187430,"Unwrapped, Inc.",Stephen Katz,13225,직물포대 제조업,85,1-9784410242,/95 Rock St FL 1/Lowell/Massachusetts/Middlesex/United States/01854-4300,19940630,Mfg textile bags,www.unwrappedinc.com,N,Y,N,N,N,미국,D,미국,13225,630533,20120148.0,,,,
미국,13225,630533,3,6003567357,450,234434,"Western Textile & Manufacturing Co, Inc",Bruce A Spiegelman,13225,직물포대 제조업,7,1-4153317000,/1750 Bridgeway Ste B207/Sausalito/California/Marin/United States/94965-1900,19190630,Mfg textile bags,www.bagmakers.com,N,Y,N,N,N,미국,D,미국,13225,630533,,,,,
미국,13225,630533,19,6003964767,450,303421,"ABG Bag, Inc.",William Bennett,13225,직물포대 제조업,15,1-8159639525,/1925 Elmwood Rd/Rockford/Illinois/Winnebago/United States/61103-1205,19950630,Mfg textile bags,www.abgbag.com,N,Y,N,N,N,미국,D,미국,13225,630533,,,,,
미국,13225,630533,12,6004106057,450,325854,Bad Bags Inc,Malcolm Vetterlein,13225,직물포대 제조업,2,1-2067220916,/2255 Country Rd/Fallbrook/California/San Diego/United States/92028-9519,19920630,Mfg textile bags,www.badbags.com,N,Y,N,N,N,미국,D,미국,13225,630533,,,,,
미국,13225,630533,20,6003311383,450,191428,Black Ops LLC,LOUIS J GARCIA,13225,직물포대 제조업,8,1-3054500127,/7815 W 4TH Ave/Hialeah/Florida/Miami-Dade/United States/33014-4213,20100630,Mfg textile bags,www.blackopsusa.com,N,Y,N,N,N,미국,D,미국,13225,630533,,,,,
미국,13225,630533,15,6003683098,450,254963,Designstar,Michael Santoro,13225,직물포대 제조업,2,1-7606020807,/2601 Jefferson St APT 411/Carlsbad/California/San Diego/United States/92008-1435,19970630,Mfg textile bags,,N,Y,N,N,N,미국,D,미국,13225,630533,,,,,
미국,13225,630533,16,6003745287,450,265672,Flying Circle Bag Co.,Joy Chittim,13225,직물포대 제조업,24,1-8302492480,/10045 Johns Rd/Boerne/Texas/Kendall/United States/78006-8814,19750630,Mfg textile bags,www.flyingcirclegear.com,N,Y,N,N,N,미국,D,미국,13225,630533,5054253.0,,,,
미국,13225,630533,14,6003686640,450,255461,"New Gear Brands, LLC",Connie Bassani,13225,직물포대 제조업,1,1-5704098442,/214 W Harford St Unit 2/Milford/Pennsylvania/Pike/United States/18337-1140,20080630,Mfg textile bags,www.newgearmedical.com,N,Y,N,N,N,미국,D,미국,13225,630533,176066.0,,,,
미국,13225,630533,18,6003961073,450,302745,"Sofpak Technologies, Inc.",Mona Lim,13225,직물포대 제조업,10,1-3016967001,/4519 Mack Ave/Frederick/Maryland/Frederick/United States/21703-7160,19760630,Mfg textile bags,www.sofpaktech.com,N,Y,N,N,N,미국,D,미국,13225,630533,1077325.0,,,,
미국,13225,630533,13,6004115174,450,327382,The Toy Works Inc,John Gunther,13225,직물포대 제조업,32,1-5186929665,/101 Fiddlers Elbow Rd/Middle Falls/New York/Washington/United States/12848,19730630,Mfg textile bags,www.fiddlerselbow.com,N,Y,N,N,N,미국,D,미국,13225,630533,,,,,
미국,13225,630533,11,6003288961,450,187776,"Ventex, Inc.",Harrison Murphy,13225,직물포대 제조업,3,1-7037879802,/101 Executive Dr Ste H/Sterling/Virginia/Loudoun/United States/20166-9557,19930630,Mfg textile bags,www.envirorestu.com,N,Y,N,N,N,미국,D,미국,13225,630533,1334286.0,,,,
미국,13225,630533,17,6004090510,450,323279,Victory Authority Corp,Pamela Wu,13225,직물포대 제조업,3,1-5628215761,/7141 Paramount Blvd/Pico Rivera/California/Los Angeles/United States/90660-3769,20140630,Mfg textile bags,www.victoryauthority.com,N,Y,N,N,N,미국,D,미국,13225,630533,,,,,
미국,13225,630533,24,6003516045,450,225322,"Acadia Industries, Inc.",Danny E Rogers Junior,13225,직물포대 제조업,105,1-3377838182,/1 N Avenue E/Crowley/Louisiana/Acadia/United States/70526-5061,19690630,Mfg textile bags,www.acadiaindustries.com,N,Y,N,N,N,미국,D,미국,13225,630533,,,,,
미국,13225,630533,22,6003488008,450,220324,American Discovery Textile Manufacturing LLC,Christine Sanders,13225,직물포대 제조업,20,1-6603382273,/302 Hawthorn Dr/Glasgow/Missouri/Howard/United States/65254-1275,20080630,Mfg textile bags,www.ip-72-14-184-76.cloudezapp.io,N,Y,N,N,N,미국,D,미국,13225,630533,,,,,
미국,13225,630533,23,6003738133,450,264434,"Bags and Wraps Etc., Inc.",Fanny M Yeung,13225,직물포대 제조업,2,1-8082222965,/2338 Halehaka St/Honolulu/Hawaii/Honolulu/United States/96821-1025,20040630,Mfg textile bags,www.bestbuydesign.biz,N,Y,N,N,N,미국,D,미국,13225,630533,,,,,
미국,13225,630533,26,6003512534,450,224817,Creative Enterprises Inc,PAM FINN,13225,직물포대 제조업,5,1-4029658177,/3009 S 87TH St/Omaha/Nebraska/Douglas/United States/68124-3042,19900630,Mfg textile bags,,N,Y,N,N,N,미국,D,미국,13225,630533,,,,,
미국,13225,630533,27,6003886270,450,290166,IKON Ecofriendly Products Corp,SHRIKANT LAKHIA,13225,직물포대 제조업,2,1-8322760796,/42 N Veilwood Cir/The Woodlands/Texas/Montgomery/United States/77382-4505,20100630,Mfg textile bags,,N,Y,N,N,N,미국,D,미국,13225,630533,,,,,
미국,13225,630533,25,6003644072,450,248152,"Kush Oasis Enterprises, LLC",Jyoti Jaiswal,13225,직물포대 제조업,5,1-5165131316,/228 Martin Dr/Syosset/New York/Nassau/United States/11791-5406,20070630,Mfg textile bags,www.omyogasupplies.en.ecplaza.net,N,Y,N,N,N,미국,D,미국,13225,630533,218666.0,,,,
미국,13225,630533,29,6003628128,450,245310,Premiumbag LLC,Richard Schwartz,13225,직물포대 제조업,10,1-7186584500,/14550 Liberty Ave/Jamaica/New York/Queens/United States/11435-4828,20000630,Mfg textile bags,www.premiumbag.com,N,Y,N,N,N,미국,D,미국,13225,630533,,,,,
미국,13225,630533,21,6002918078,450,130959,"Tacprogear, LLC",Dan T Lounsbury,13225,직물포대 제조업,2,1-5612654066,/2108 Corporate Dr/Boynton Beach/Florida/Palm Beach/United States/33426-6644,20060630,Mfg textile bags,www.tacprogear.com,N,Y,N,N,N,미국,D,미국,13225,630533,742235.0,,,,
미국,13225,630533,30,6002972365,450,139666,"Vanguard Manufacturing, Inc",David S Miller,13225,직물포대 제조업,9,1-3029949302,/11 Lewis Cir/Wilmington/Delaware/New Castle/United States/19804-1618,19870630,Mfg textile bags,www.washpro200.com,N,Y,N,N,N,미국,D,미국,13225,630533,,,,,
미국,13225,630533,28,6003871775,450,287565,"Vans, Inc.",Arthur I Carver,13225,직물포대 제조업,667,1-7147554000,/1588 S Coast Dr/Costa Mesa/California/Orange/United States/92626-1533,19870630,Mfg textile bags,www.vans.com,N,Y,N,N,N,미국,D,미국,13225,630533,,,,,
미국,13225,630533,39,6003041829,450,150960,Clear Creek Co Inc,Jason Haefner,13225,직물포대 제조업,7,1-3199846180,/501 N State St/Denver/Iowa/Bremer/United States/50622-1005,19920630,Mfg textile bags,www.clearcreek.net,N,Y,N,N,N,미국,D,미국,13225,630533,,,,,
미국,13225,630533,33,6003009230,450,145616,"J Design Works, Inc.",John Williams,13225,직물포대 제조업,2,1-8478120891,/210 Ironbark Way/Bolingbrook/Illinois/Will/United States/60440-3076,20070630,Mfg textile bags,,N,Y,N,N,N,미국,D,미국,13225,630533,,,,,
미국,13225,630533,36,6002988216,450,142349,J. Carrot Company Inc.,GERALD KITANO,13225,직물포대 제조업,3,1-4247579055,/386 Beech Ave Ste 7/Torrance/California/Los Angeles/United States/90501-6202,20100630,Mfg textile bags,www.carrotus.com,N,Y,N,N,N,미국,D,미국,13225,630533,,,,,
미국,13225,630533,38,2450115467,450,115467,OGIO INTERNATIONAL INC (OGIO),David Wunderli,13225,직물포대 제조업,100,0001-8016194100,14926 S Pony Express Rd  Bluffdale Utah 840654801,19890630,"Textile bags, nsk","www.ogio.com
",N,,,N,N,미국,D,미국,13225,630533,,0001-8016194111,20130402,F,20140401
미국,13225,630533,37,6003387465,450,203641,Paktek Inc,J Alan Billingsley,13225,직물포대 제조업,23,1-2535844914,/7307 82ND Street Ct SW/Lakewood/Washington/Pierce/United States/98498-6389,19890630,Mfg textile bags,www.toolpak.com,N,Y,N,N,N,미국,D,미국,13225,630533,,,,,
미국,13225,630533,34,6002979052,450,140721,"Pga International, Inc.",Philip R Gentile,13225,직물포대 제조업,3,1-7136615791,/11504 Craighead Dr/Houston/Texas/Harris/United States/77025-5809,19810630,Mfg textile bags,,N,Y,N,N,N,미국,D,미국,13225,630533,,,,,
미국,13225,630533,31,6002980011,450,140901,Safety International Bags and Straps,Henry Sanders,13225,직물포대 제조업,13,1-4078300888,/160 Lyman Rd/Casselberry/Florida/Seminole/United States/32707-2801,19890630,Mfg textile bags,,N,Y,N,N,N,미국,D,미국,13225,630533,762421.0,,,,
미국,13225,630533,32,6003283174,450,186764,"Stahlsac, Inc.",John Stahl,13225,직물포대 제조업,47,1-8286453005,/81 Monticello Rd/Weaverville/North Carolina/Buncombe/United States/28787-9441,19780630,Mfg textile bags,www.stahlsac.com,N,Y,N,N,N,미국,D,미국,13225,630533,,,,,
미국,13225,630533,35,6002994188,450,143349,"Travelpro Products, Inc.",Blake Lipham,13225,직물포대 제조업,100,1-5619982824,/700 Banyan Trl/Boca Raton/Florida/Palm Beach/United States/33431-5609,20160630,Mfg textile bags,www.travelpro.com,N,Y,N,N,N,미국,D,미국,13225,630533,,,,,
미국,13225,630533,40,6003019552,450,147345,Vilah Bloom LLC,Jackelynn Garrett,13225,직물포대 제조업,2,1-2317532999,/625 Connable Ave/Petoskey/Michigan/Emmet/United States/49770-2215,20110630,Mfg textile bags,www.vilahbloom.com,N,Y,N,N,N,미국,D,미국,13225,630533,,,,,
미국,13225,630533,47,6003436537,450,211921,"Cekal Specialties, Inc.",Dallas Crotts,13225,직물포대 제조업,20,1-7048226206,/101 Brickyard Rd/Mount Holly/North Carolina/Gaston/United States/28120-8800,19920630,Mfg textile bags,www.cekalspecialties.com,N,Y,N,N,N,미국,D,미국,13225,630533,,,,,
미국,13225,630533,45,6003450239,450,214053,Estex Manufacturing Co Inc,Brent C Wilkes,13225,직물포대 제조업,100,1-7709643322,/402 SE Broad St/Fairburn/Georgia/Fulton/United States/30213-1561,19000630,Mfg textile bags,www.estexmfg.com,N,Y,N,N,N,미국,D,미국,13225,630533,,,,,
미국,13225,630533,48,6003746366,450,265802,"Hubco, Inc.",Trey McPherson,13225,직물포대 제조업,47,1-6206638301,/215 S Poplar St/Hutchinson/Kansas/Reno/United States/67501-7456,19190630,Mfg textile bags,www.hubcoinc.com,N,Y,N,N,N,미국,D,미국,13225,630533,7342160.0,,,,
미국,13225,630533,41,6003784341,450,272553,Pacific Capro Industries,Jules J Teffaha,13225,직물포대 제조업,7,1-3108089500,/3128 E Harcourt St/Compton/California/Los Angeles/United States/90221-5506,19970630,Mfg textile bags,www.capro.net,N,Y,N,N,N,미국,D,미국,13225,630533,,,,,
미국,13225,630533,44,6004146960,450,333237,Pak 21 Inc.,GOLDY LOEWY,13225,직물포대 제조업,2,1-7188377202,/2001 57TH St Ste 2/Brooklyn/New York/Kings/United States/11204-2035,20050630,Mfg textile bags,www.pak21.com,N,Y,N,N,N,미국,D,미국,13225,630533,,,,,
미국,13225,630533,49,6003932611,450,298004,"Pelican Reef, Inc.",Angel Calzadilla,13225,직물포대 제조업,20,1-3055582100,/4900 NW 167TH St/Miami Lakes/Florida/Miami-Dade/United States/33014-6326,19840630,Mfg textile bags,www.pelicanreef.com,N,Y,N,N,N,미국,D,미국,13225,630533,,,,,
미국,13225,630533,42,6003781012,450,271934,"Rickshaw Bagworks, Inc.",Mark Dwight,13225,직물포대 제조업,18,1-4159048368,/904 22ND St/San Francisco/California/San Francisco/United States/94107-3427,20070630,Mfg textile bags,www.rickshawbags.com,N,Y,N,N,N,미국,D,미국,13225,630533,,,,,
미국,13225,630533,43,6004141745,450,332260,The Last U S Bag Co,William P Macia,13225,직물포대 제조업,7,1-3609932247,/3000 Columbia House Blvd Ste 114/Vancouver/Washington/Clark/United States/98661-2969,20040630,Mfg textile bags,www.lastusbag.com,N,Y,N,N,N,미국,D,미국,13225,630533,,,,,
미국,13225,630533,46,6003544513,450,230374,Wearmax Inc.,Ovais Sheikh,13225,직물포대 제조업,2,1-6313617222,/20398 Rupert Island Pl/Potomac Falls/Virginia/Loudoun/United States/20165-5112,19960630,Mfg textile bags,www.wearmaxamerica.net,N,Y,N,N,N,미국,D,미국,13225,630533,,,,,
미국,13225,630533,50,6003856434,450,284935,"Wessco International Ltd., A California Limited Partnership",Robert Bregman,13225,직물포대 제조업,30,1-3104774272,/11400 W Olympic Blvd Ste 450/Los Angeles/California/Los Angeles/United States/90064-1585,19790630,Mfg textile bags,www.wessco.net,N,Y,N,N,N,미국,D,미국,13225,630533,,,,,
미국,13225,630533,53,6004217225,450,345925,AMS Products LLC,Amy Kim,13225,직물포대 제조업,10,1-9734425790,/105 W Dewey Ave Ste 305/Wharton/New Jersey/Morris/United States/07885-1659,19880630,Mfg textile bags,www.amsproduct.com,N,Y,N,N,N,미국,D,미국,13225,630533,,,,,
미국,13225,630533,55,6003636515,450,246676,"Action Bag & Cover, Inc.",Byung Ki Lee,13225,직물포대 제조업,80,1-7149657777,/18401 Mount Langley St/Fountain Valley/California/Orange/United States/92708-6904,19780630,Mfg textile bags,www.actionbaginc.com,N,Y,N,N,N,미국,D,미국,13225,630533,5262778.0,,,,
미국,13225,630533,60,6003565201,450,234085,"Augusta Sportswear, Inc.",David Elliot,13225,직물포대 제조업,586,1-7068604633,/425 Park 20 W/Grovetown/Georgia/Columbia/United States/30813-3214,19770630,Mfg textile bags,www.augustasportswear.com,N,Y,N,N,N,미국,D,미국,13225,630533,,,,,
미국,13225,630533,52,6004214856,450,345528,"Hdt Expeditionary Systems, Inc.",Sean Bond,13225,직물포대 제조업,290,1-2164386111,/30500 Aurora Rd Ste 100/Solon/Ohio/Cuyahoga/United States/44139-2776,19810630,Mfg textile bags,www.hdtglobal.com,N,Y,N,N,N,미국,D,미국,13225,630533,,,,,
미국,13225,630533,56,6003482818,450,219493,"Jansport, Inc.",Mackey McDonald,13225,직물포대 제조업,10,1-7207784000,/8505 E Orchard Rd/Greenwood Village/Colorado/Arapahoe/United States/80111-5002,19790630,Mfg textile bags,www.jansport.com,N,Y,N,N,N,미국,D,미국,13225,630533,,,,,
미국,13225,630533,58,6003086721,450,158278,"Ju-Ju-Be Intl., LLC",Joseph Croft,13225,직물포대 제조업,23,1-8772585823,/35 Argonaut Ste B2/Aliso Viejo/California/Orange/United States/92656-4151,20070630,Mfg textile bags,www.jujube.com,N,Y,N,N,N,미국,D,미국,13225,630533,,,,,
미국,13225,630533,59,6003405357,450,206709,"Mark Richards Enterprises, Inc.",Denise Wilk,13225,직물포대 제조업,9,1-6313420091,/80 Orville Dr Ste 103/Bohemia/New York/Suffolk/United States/11716-2505,20000630,Mfg textile bags,www.markrichardsusa.com,N,Y,N,N,N,미국,D,미국,13225,630533,,,,,
미국,13225,630533,51,6004211195,450,344855,"Paper Bag Manufacturers, Inc.",Joseph Greenspan,13225,직물포대 제조업,17,1-3056851100,/4131 NW 132ND St/Opa Locka/Florida/Miami-Dade/United States/33054-4510,19940630,Mfg textile bags,www.paperbag.com,N,Y,N,N,N,미국,D,미국,13225,630533,,,,,
미국,13225,630533,57,6004038583,450,314825,"Tom Bihn, Inc.",Thomas D Bihn,13225,직물포대 제조업,60,1-2066524123,/4750 Ohio Ave S # A/Seattle/Washington/King/United States/98134-2326,20020630,Mfg textile bags,www.tombihn.com,N,Y,Y,N,N,미국,D,미국,13225,630533,6690526.0,,,,
미국,13225,630533,54,6003080969,450,157316,"White Bag Company, Inc.",Greg Williams,13225,직물포대 제조업,25,1-5018351444,/8027 Highway 161/North Little Rock/Arkansas/Pulaski/United States/72117-1805,19510630,Mfg textile bags,www.whitebag.com,N,Y,N,N,N,미국,D,미국,13225,630533,,,,,
미국,13225,630533,67,6004202870,450,343440,"Ace Bag & Burlap Company, Inc.",Joseph Rochman Senior,13225,직물포대 제조업,9,1-7183199300,/1601 Bronxdale Ave Frnt 4/Bronx/New York/Bronx/United States/10462-3364,19260630,Mfg textile bags,www.ace-bag.com,N,Y,N,N,N,미국,D,미국,13225,630533,,,,,
미국,13225,630533,69,6003477173,450,218610,DOT Red New York Inc.,Gary Huang,13225,직물포대 제조업,4,1-2129978998,/250 W 39TH St Rm 308/New York/New York/New York/United States/10018-8239,20020630,Mfg textile bags,www.oxiostyle.com,N,Y,N,N,N,미국,D,미국,13225,630533,,,,,
미국,13225,630533,70,6003751035,450,266632,"Enviro-Tote, Inc.",Nancy Sampo,13225,직물포대 제조업,38,1-6036477171,/15 Industrial Dr/Londonderry/New Hampshire/Rockingham/United States/03053-2009,19900630,Mfg textile bags,www.enviro-tote.com,N,Y,N,N,N,미국,D,미국,13225,630533,4535936.0,,,,
미국,13225,630533,63,6003763477,450,268707,H. G. Maybeck Co. Inc.,John Arapis,13225,직물포대 제조업,30,1-7182974410,/17930 93RD Ave Ste 2/Jamaica/New York/Queens/United States/11433-1405,19070630,Mfg textile bags,www.hgmaybeck.com,N,Y,N,N,N,미국,D,미국,13225,630533,3349111.0,,,,
미국,13225,630533,62,6003775899,450,270977,"Kool Pak, Inc",MARC ZINGLER,13225,직물포대 제조업,4,1-9549257744,/3100 NE 48TH St APT 918/Fort Lauderdale/Florida/Broward/United States/33308-4949,19800630,Mfg textile bags,www.koolpak.com,N,Y,N,N,N,미국,D,미국,13225,630533,,,,,
미국,13225,630533,68,6003538961,450,229236,Milkdot Inc.,Janet Cho,13225,직물포대 제조업,1,1-9176717923,/301 E 90TH St APT 4C/New York/New York/New York/United States/10128-5278,20090630,Mfg textile bags,www.milkdot.com,N,Y,N,N,N,미국,D,미국,13225,630533,,,,,
미국,13225,630533,64,6003257884,450,182812,"Redco Foods, Inc.",Gordon Boggis,13225,직물포대 제조업,5,1-8005566674,/1 Hansen Is/Little Falls/New York/Herkimer/United States/13365-1916,19850630,Mfg textile bags,www.redcofoods.com,N,Y,N,N,N,미국,D,미국,13225,630533,,,,,
미국,13225,630533,66,6004166029,450,336735,Royal Impex,Lakshmi Mullaguru,13225,직물포대 제조업,1,1-8582486899,/15587 Camden Pl/San Diego/California/San Diego/United States/92131-4318,20090630,Mfg textile bags,,N,Y,N,N,N,미국,D,미국,13225,630533,,,,,
미국,13225,630533,61,6003619363,450,243799,Urban Xplorer Brand Inc.,Yoshio Fujiwara,13225,직물포대 제조업,1,1-2099515553,/5441 Saint Andrews Dr/Stockton/California/San Joaquin/United States/95219-1918,20140630,Mfg textile bags,,N,Y,N,N,N,미국,D,미국,13225,630533,,,,,
미국,13225,630533,65,6003030093,450,149111,Vortex Inc,Bill Crawley,13225,직물포대 제조업,15,1-8019782207,/8100 S 1300 W Ste D/West Jordan/Utah/Salt Lake/United States/84088-8307,19910630,Mfg textile bags,www.badlandsgear.com,N,Y,N,N,N,미국,D,미국,13225,630533,,,,,
미국,13225,630533,72,6003445481,450,213274,"Bags Elite, Inc.",TOM JONES,13225,직물포대 제조업,20,1-9722797798,/3030 E Meadows Blvd/Mesquite/Texas/Dallas/United States/75150-6639,19850630,Mfg textile bags,www.bagselite.com,N,Y,N,N,N,미국,D,미국,13225,630533,4015473.0,,,,
미국,13225,630533,78,6003928001,450,297168,Bearse Manufacturing Co.,Thomas F Auer,13225,직물포대 제조업,100,1-7732358710,/3815 W Cortland St/Chicago/Illinois/Cook/United States/60647-4691,19210630,Mfg textile bags,www.bearseusa.com,N,Y,N,N,N,미국,D,미국,13225,630533,,,,,
미국,13225,630533,71,6003443925,450,212975,"Carry Gear Solutions, LLC",RENEE PITRA,13225,직물포대 제조업,14,1-2069576800,/2125 Western Ave Ste 300/Seattle/Washington/King/United States/98121-3137,20030630,Mfg textile bags,www.carrygear.com,N,Y,N,N,N,미국,D,미국,13225,630533,,,,,
미국,13225,630533,79,6003838182,450,281881,"Castlemaster Ventures, LLC",Sally B Castleman,13225,직물포대 제조업,11,1-4357535190,/695 W 1700 S Bldg 28/Logan/Utah/Cache/United States/84321-6258,20090630,Mfg textile bags,,N,Y,N,N,N,미국,D,미국,13225,630533,,,,,
미국,13225,630533,74,6003696622,450,257171,"Chicoeco, Inc.",Andrew Keller,13225,직물포대 제조업,30,1-5303424426,/747 Fortress St/Chico/California/Butte/United States/95973-9012,20050630,Mfg textile bags,www.chicobag.com,N,Y,N,N,N,미국,D,미국,13225,630533,,,,,
미국,13225,630533,73,6003424506,450,209877,"Firsd Tea North America, LLC",Shengyuan Chen,13225,직물포대 제조업,6,1-3023221255,/34 Blevins Dr Ste 1&/New Castle/Delaware/New Castle/United States/19720-4177,20120630,Mfg textile bags,www.firsdtea.com,N,Y,N,N,N,미국,D,미국,13225,630533,,,,,
미국,13225,630533,76,6003927512,450,297106,"Lugoff Industrial Textile Products, Inc.",Marion J Dixon,13225,직물포대 제조업,10,1-8034381971,/236 Standard Warehouse Rd/Lugoff/South Carolina/Kershaw/United States/29078,19770630,Mfg textile bags,www.lugofftextiles.com,N,Y,N,N,N,미국,D,미국,13225,630533,,,,,
미국,13225,630533,77,6003828395,450,280126,"Neely Manufacturing II, L.L.C.",Michael J Watson,13225,직물포대 제조업,50,1-6418721100,/2178 Highway 2/Corydon/Iowa/Wayne/United States/50060-8763,19290630,Mfg textile bags,,N,Y,N,N,N,미국,D,미국,13225,630533,,,,,
미국,13225,630533,80,6003931739,450,297827,"Timbuk2 Designs, Inc.",Paul Devries,13225,직물포대 제조업,237,1-4152524300,/400 Alabama St # 201/San Francisco/California/San Francisco/United States/94110-1315,20160630,Mfg textile bags,www.timbuk2.com,N,Y,N,N,N,미국,D,미국,13225,630533,,,,,
미국,13225,630533,75,6003937553,450,298891,Trademark Mfg. Inc.,Terry Lawrence,13225,직물포대 제조업,4,1-7022548869,/2400 S Cimarron Rd Ste 110/Las Vegas/Nevada/Clark/United States/89117-7902,20020630,Mfg textile bags,,N,Y,N,N,N,미국,D,미국,13225,630533,,,,,
미국,13225,630533,84,6002914804,450,130563,Brightline Bags Inc.,Ross Bishop,13225,직물포대 제조업,3,1-4157217825,/1537 4TH St Ste 233/San Rafael/California/Marin/United States/94901-2737,20080630,Mfg textile bags,www.brightlinebags.com,N,Y,N,N,N,미국,D,미국,13225,630533,,,,,
미국,13225,630533,86,6003889111,450,290702,"Cherokee Manufacturing, Inc.",John Gunderman,13225,직물포대 제조업,50,1-6514516568,/150 Bridgepoint Dr/South Saint Paul/Minnesota/Dakota/United States/55075-2500,19400630,Mfg textile bags,www.cherokeemfg.com,N,Y,N,N,N,미국,D,미국,13225,630533,,,,,
미국,13225,630533,90,6003644031,450,248107,Christina Leigh & Company,Christina Rein,13225,직물포대 제조업,3,1-8175065136,/3102 Clear Lake Ln/Highland Village/Texas/Denton/United States/75077-6482,20040630,Mfg textile bags,www.diapeesandwipees.com,N,Y,N,N,N,미국,D,미국,13225,630533,,,,,
미국,13225,630533,85,6003096470,450,159714,Elements Accessories Inc,Melissa Zimberg,13225,직물포대 제조업,7,1-6468015187,/16 Essex Rd/Maplewood/New Jersey/Essex/United States/07040-2308,20110630,Mfg textile bags,www.lavalunch.com,N,Y,N,N,N,미국,D,미국,13225,630533,,,,,
미국,13225,630533,81,6003848173,450,283562,"Health Matters America, Inc.",JERRY ZEIFMAN,13225,직물포대 제조업,13,1-7162358772,/2501 Broadway St Ste 2/Buffalo/New York/Erie/United States/14227-1054,20110630,Mfg textile bags,www.healthmattersamerica.com,N,Y,N,N,N,미국,D,미국,13225,630533,,,,,
미국,13225,630533,87,6003883399,450,289609,King Bag and Manufacturing Company,Connie M Kirsch,13225,직물포대 제조업,25,1-5135415440,/1500 Spring Lawn Ave/Cincinnati/Ohio/Hamilton/United States/45223-1699,19850630,Mfg textile bags,www.kingbag.com,N,Y,N,N,N,미국,D,미국,13225,630533,,,,,
미국,13225,630533,82,6001634355,450,125755,MOTOVOTANO LLC,JAMES J MACKNESS,13225,직물포대 제조업,5,206363-0338,12756 QUANTUM LN UNIT 8-30 ANACORTES WA  98221,20121101,Manufactures textile bags,,N,,,N,N,미국,D,미국,13225,630533,,,20190708,G,20200707
미국,13225,630533,83,6003316596,450,192412,"Made 2 Order, Inc.",David Waite,13225,직물포대 제조업,3,1-7609299393,/1042 N El Camino Real Ste B # 408/Encinitas/California/San Diego/United States/92024-1322,19930630,Mfg textile bags,,N,Y,N,N,N,미국,D,미국,13225,630533,,,,,
미국,13225,630533,89,6003463082,450,216290,"Riverside Tent and Awning Co., Inc.",Chilton E Burt,13225,직물포대 제조업,13,1-9516831925,/231 E Alessandro Blvd Ste A/Riverside/California/Riverside/United States/92508-6039,19190630,Mfg textile bags,www.riversideawning.com,N,Y,N,N,N,미국,D,미국,13225,630533,,,,,
미국,13225,630533,88,6003624678,450,244567,"Victory Professional Products, Inc.",Marc Spitaleri,13225,직물포대 제조업,28,1-7148870621,/5601 Engineer Dr/Huntington Beach/California/Orange/United States/92649-1123,19790630,Mfg textile bags,www.victorykoredry.com,N,Y,N,N,N,미국,D,미국,13225,630533,,,,,
미국,13225,630533,92,6003653226,450,249632,Df Manufacturing Inc,Paul Wu,13225,직물포대 제조업,8,1-6263508816,/12336 Ramona Blvd/El Monte/California/Los Angeles/United States/91732-2540,19970630,Mfg textile bags,www.dfmfg.net,N,Y,N,N,N,미국,D,미국,13225,630533,,,,,
미국,13225,630533,91,6003868307,450,286764,Jeffrey L Tollefson,Jeffrey L Tollefson,13225,직물포대 제조업,1,1-9516793519,/30776 Mirage Cir/Menifee/California/Riverside/United States/92584-2731,19940630,Mfg textile bags,,N,Y,N,N,N,미국,D,미국,13225,630533,406071.0,,,,
